batsman,Fours
S Dhawan,526
SK Raina,495
G Gambhir,492
V Kohli,482
DA Warner,459
RV Uthappa,436
RG Sharma,431
AM Rahane,405
CH Gayle,376
PA Patel,366
KD Karthik,358
AB de Villiers,357
SR Watson,344
V Sehwag,334
MS Dhoni,297
SR Tendulkar,296
BB McCullum,293
AT Rayudu,278
SE Marsh,269
R Dravid,269
YK Pathan,264
JH Kallis,255
MK Pandey,253
DR Smith,245
M Vijay,243
AC Gilchrist,239
Yuvraj Singh,218
DPMD Jayawardene,200
MEK Hussey,198
KC Sangakkara,195
KA Pollard,182
SPD Smith,181
KL Rahul,178
AJ Finch,176
SV Samson,171
F du Plessis,164
Mandeep Singh,161
WP Saha,161
KK Nair,158
MK Tiwary,156
Q de Kock,156
RR Pant,154
S Badrinath,154
SS Iyer,150
JC Buttler,143
TM Dilshan,140
RA Jadeja,137
SC Ganguly,137
CA Lynn,128
DA Miller,127
JP Duminy,126
BJ Hodge,122
NV Ojha,121
ML Hayden,121
DJ Bravo,118
MA Agarwal,117
AS Yadav,113
KS Williamson,111
GJ Maxwell,110
LMP Simmons,109
AD Russell,98
M Vohra,97
GC Smith,94
SP Narine,94
MS Bisla,93
SS Tiwary,93
KM Jadhav,92
KP Pietersen,91
DJ Hussey,90
IK Pathan,88
MC Henriques,87
KH Pandya,87
N Rana,85
ST Jayasuriya,84
HH Gibbs,83
Harbhajan Singh,79
Y Venugopal Rao,77
CL White,76
A Symonds,74
RA Tripathi,73
P Shaw,73
HH Pandya,73
EJG Morgan,72
Shakib Al Hasan,69
JD Ryder,69
LRPL Taylor,66
STR Binny,66
Ishan Kishan,66
PC Valthaty,61
JA Morkel,61
HM Amla,60
GJ Bailey,59
SA Asnodkar,56
TL Suman,55
AM Nayar,55
SA Yadav,54
PP Chawla,54
CA Pujara,50
J Bairstow,50
JR Hopes,49
Gurkeerat Singh,47
AR Patel,47
MJ Lumb,45
S Gill,45
SN Khan,44
AD Mathews,44
M Manhas,43
BA Stokes,43
CJ Anderson,40
AP Tare,40
Azhar Mahmood,39
J Botha,39
RS Bopara,39
E Lewis,38
CH Morris,37
JP Faulkner,36
DB Ravi Teja,35
S Sohal,34
MP Stoinis,34
V Shankar,34
OA Shah,34
VVS Laxman,33
SP Goswami,33
LR Shukla,33
UBT Chand,32
MV Boucher,32
R Ashwin,32
SW Billings,31
A Mishra,30
Salman Butt,30
B Chipli,28
SP Fleming,27
P Negi,27
DJ Hooda,27
RN ten Doeschate,26
SM Katich,26
YV Takawale,26
LA Pomersbach,25
JEC Franklin,25
AL Menaria,24
MD Mishra,24
R Bhatia,24
MJ Guptill,24
NLTC Perera,23
GH Vihari,23
DB Das,23
DH Yagnik,23
M Kaif,22
R Sathish,22
DT Christian,22
P Kumar,22
FY Fazal,22
M Ali,21
R Vinay Kumar,21
S Vidyut,21
AC Blizzard,21
BJ Rohrer,21
Y Nagar,20
C Ingram,20
AA Jhunjhunwala,19
MN van Wyk,19
C Munro,19
KV Sharma,18
B Kumar,18
C de Grandhomme,18
JJ Roy,18
CM Gautam,17
R Parag,17
K Goel,17
A Ashish Reddy,16
LJ Wright,16
N Saini,16
BCJ Cutting,15
DJG Sammy,15
PA Reddy,15
AC Voges,15
S Gopal,14
UT Khawaja,14
SK Warne,14
W Jaffer,14
Niraj Patel,14
R McLaren,14
DW Steyn,14
S Curran,13
R Dhawan,13
AB Agarkar,13
Kamran Akmal,13
A Hales,13
BB Samantray,13
AS Raut,13
TM Head,12
SM Pollock,12
MJ Clarke,12
MF Maharoof,12
D Wiese,12
RJ Quiney,12
D Short,11
Sachin Baby,11
DJ Harris,11
Ankit Sharma,11
UT Yadav,11
Z Khan,11
Bipul Sharma,11
R Tewatia,11
RE van der Merwe,11
DL Vettori,11
N Pooran,11
LA Carseldine,11
Mohammad Nabi,11
MC Juneja,11
M Morkel,11
Misbah-ul-Haq,10
MG Johnson,10
MA Starc,10
K Gowtham,10
SD Chitnis,10
DJ Jacobs,10
RE Levi,10
SB Styris,10
CR Brathwaite,10
M Klinger,9
MM Sharma,9
KK Cooper,9
TR Birt,9
AG Paunikar,9
S Rana,9
PD Collingwood,9
Iqbal Abdulla,9
PR Shah,9
S Anirudha,9
CJ Ferguson,9
AB McDonald,9
MN Samuels,9
MR Marsh,9
B Lee,8
TG Southee,8
S Aravind,7
M Kartik,7
Mohammad Hafeez,7
A Chopra,7
BR Dunk,7
AD Nath,7
Shahid Afridi,7
DS Kulkarni,7
AP Majumdar,7
AJ Tye,7
L Livingstone,6
L Ronchi,6
JDP Oram,6
JD Unadkat,6
SL Malinga,6
Anirudh Singh,6
J Archer,6
IR Jaggi,6
RR Sarwan,6
S Narwal,6
RJ Harris,6
RR Powar,6
S Sreesanth,6
MS Gony,6
Sunny Singh,6
Mohammed Shami,5
MM Patel,5
MJ McClenaghan,5
AA Bilakhia,5
LPC Silva,5
Washington Sundar,5
AB Barath,5
SN Thakur,5
Yashpal Singh,5
Shoaib Malik,5
A Flintoff,5
AD Mascarenhas,5
AUK Pathan,5
CR Woakes,5
D Salunkhe,5
R Singh,5
SP Jackson,5
B Akhil,5
RT Ponting,5
R Sharma,5
K Rabada,5
H Klaasen,5
RV Gomez,5
Rashid Khan,5
PJ Cummins,5
J Arunkumar,5
S Rutherford,4
I Sharma,4
AN Ahmed,4
NJ Maddinson,4
M Rawat,4
A Mithun,4
P Dogra,4
Kuldeep Yadav,4
WD Parnell,4
S Chanderpaul,4
KB Arun Karthik,4
JO Holder,4
J Suchith,4
J Syed Mohammad,4
S Hetmyer,4
SK Trivedi,3
B Sumanth,3
S Sriram,3
T Taibu,3
Sohail Tanvir,3
AP Dole,3
T Curran,3
DS Lehmann,3
RR Rossouw,3
R Rampaul,3
JDS Neesham,3
NM Coulter-Nile,3
M Markande,3
M Lomror,3
VH Zol,3
A Kumble,3
A Nehra,3
Y Gnaneswara Rao,3
MDKJ Perera,3
C Madan,3
RJ Peterson,3
Imran Tahir,3
SB Jakati,3
Harmeet Singh,3
HV Patel,3
Anureet Singh,2
BJ Haddin,2
DJ Thornely,2
AB Dinda,2
MA Khote,2
M Ntini,2
M Ur Rahman,2
VR Aaron,2
A Joseph,2
WPUJC Vaas,2
WA Mota,2
KW Richardson,2
L Balaji,2
JJ Bumrah,2
Mohammed Siraj,2
P Chopra,2
AA Chavan,2
CA Ingram,2
AS Rajpoot,2
RP Singh,2
ER Dwivedi,2
DL Chahar,2
F Behardien,2
P R Barman,2
RD Chahar,2
R Shukla,2
H Brar,2
Vishnu Vinod,1
AA Noffke,1
VRV Singh,1
VS Malik,1
KMDN Kulasekara,1
M Muralitharan,1
A Mukund,1
A Zampa,1
JJ van der Wath,1
J Theron,1
N Naik,1
NS Naik,1
KAJ Roach,1
K Paul,1
Joginder Sharma,1
Karanveer Singh,1
I Malhotra,1
PV Tambe,1
P Sahu,1
JM Kemp,1
R Bishnoi,1
GB Hogg,1
GD McGrath,1
GR Napier,1
S Sharma,1
DT Patil,1
DR Martyn,1
DNT Zoysa,1
S Nadeem,1
S Mavi,1
DM Bravo,1
S Dube,1
RS Sodhi,1
RR Raje,1
Parvez Rasool,1
PJ Sangwan,1
S Singh,1
SA Abbott,1
SD Lad,1
DAJ Bracewell,1
SW Tait,1
SS Shaikh,1
Basil Thampi,1
B Stanlake,1
SB Bangar,1
DE Bollinger,1
Shivam Sharma,1
Sandeep Sharma,1
AC Thomas,1
Avesh Khan,1
AR Bawne,1
AN Ghosh,1
AG Murtaza,1
UA Birla,1
Umar Gul,1
A Choudhary,1
