bowler,player_dismissed
SL Malinga,188
DJ Bravo,168
A Mishra,165
Harbhajan Singh,161
PP Chawla,156
B Kumar,141
R Ashwin,138
SP Narine,137
UT Yadav,136
R Vinay Kumar,127
A Nehra,121
Z Khan,119
RA Jadeja,116
SR Watson,107
DW Steyn,104
P Kumar,102
YS Chahal,102
RP Singh,100
IK Pathan,99
PP Ojha,99
MM Sharma,99
JA Morkel,96
DS Kulkarni,91
JJ Bumrah,91
Sandeep Sharma,90
M Morkel,88
L Balaji,85
JD Unadkat,83
AB Dinda,82
R Bhatia,82
MM Patel,82
Imran Tahir,82
CH Morris,78
JP Faulkner,76
AR Patel,76
MJ McClenaghan,75
JH Kallis,74
SK Trivedi,73
I Sharma,73
KA Pollard,67
M Muralitharan,67
MG Johnson,66
Shakib Al Hasan,66
SK Warne,60
AD Russell,60
Rashid Khan,60
KV Sharma,59
S Kaul,53
Mohammed Shami,52
SB Jakati,50
A Kumble,49
S Aravind,48
HV Patel,47
S Nadeem,47
RJ Harris,47
YK Pathan,46
HH Pandya,45
Iqbal Abdulla,45
VR Aaron,44
AJ Tye,43
P Awana,43
S Sreesanth,43
DE Bollinger,43
MC Henriques,42
Kuldeep Yadav,42
KH Pandya,42
R Sharma,42
PJ Sangwan,41
TA Boult,41
SN Thakur,40
S Gopal,39
M Kartik,39
Yuvraj Singh,39
MA Starc,39
NM Coulter-Nile,39
MS Gony,39
DP Nannes,38
P Negi,38
NLTC Perera,37
KK Cooper,36
DT Christian,36
K Rabada,36
TG Southee,34
DL Vettori,34
A Singh,34
MF Maharoof,33
DL Chahar,33
AB Agarkar,33
Azhar Mahmood,31
WD Parnell,31
Mohammed Siraj,30
Harmeet Singh,30
B Lee,30
SK Raina,30
BA Stokes,29
PV Tambe,28
AD Mathews,28
STR Binny,28
Mustafizur Rahman,28
J Botha,27
DR Smith,27
J Archer,27
SW Tait,26
CR Woakes,26
RE van der Merwe,25
GB Hogg,25
Sohail Tanvir,24
A Symonds,23
BW Hilfenhaus,23
JP Duminy,23
VY Mahesh,22
Bipul Sharma,22
WPUJC Vaas,22
AS Rajpoot,22
Anureet Singh,21
K Ahmed,20
Basil Thampi,20
BB Sran,20
R Dhawan,20
MR Marsh,20
KW Richardson,20
AD Mascarenhas,19
IC Pandey,19
PJ Cummins,19
CH Gayle,19
A Ashish Reddy,19
CRD Fernando,19
A Zampa,19
M Ur Rahman,18
BJ Hodge,18
R Rampaul,17
D Wiese,17
LR Shukla,17
GJ Maxwell,17
Washington Sundar,17
VRV Singh,16
M Markande,16
MP Stoinis,16
ST Jayasuriya,16
AC Thomas,16
R Tewatia,16
RG Sharma,16
CR Brathwaite,16
P Krishna,16
RD Chahar,15
RR Powar,15
YA Abdulla,15
M Ashwin,15
SJ Srivastava,15
AN Ahmed,15
AB McDonald,14
S Lamichhane,14
DJG Sammy,14
CJ Anderson,14
CJ Jordan,14
R McLaren,14
JR Hopes,14
Kamran Khan,14
Karanveer Singh,14
GD McGrath,14
Umar Gul,14
Joginder Sharma,13
JDP Oram,13
J Theron,13
M Ali,13
S Sharma,13
Ankit Sharma,13
L Ngidi,13
RS Bopara,13
SM Pollock,13
BA Bhatt,13
CK Langeveldt,13
AG Murtaza,12
BCJ Cutting,12
SC Ganguly,12
V Pratap Singh,12
N Saini,12
K Gowtham,12
J Suchith,12
Pankaj Singh,11
S Curran,11
BE Hendricks,11
S Badree,11
Mohammad Nabi,11
A Chandila,11
JD Ryder,11
KP Appanna,11
J Syed Mohammad,10
MN Samuels,10
Anand Rajan,10
T Thushara,10
B Laughlin,10
DJ Hussey,10
Mohammad Asif,9
I Sodhi,9
SB Styris,9
AM Nayar,9
K Paul,9
SE Bond,9
Shahid Afridi,9
SMSM Senanayake,9
BAW Mendis,9
P Parameswaran,9
JEC Franklin,9
KP Pietersen,9
KC Cariappa,8
AA Chavan,8
A Mithun,8
JO Holder,8
S Randiv,8
M Ntini,8
H Viljoen,8
B Stanlake,7
B Akhil,7
R Shukla,7
TL Suman,7
AM Salvi,7
H Gurney,7
Y Venugopal Rao,7
S Mavi,7
PC Valthaty,7
N Rana,7
C de Grandhomme,7
P Amarnath,7
RR Raje,7
DJ Hooda,6
JE Taylor,6
VS Malik,6
M de Lange,6
A Joseph,6
RV Gomez,6
R Sathish,6
V Sehwag,6
T Curran,6
S Narwal,6
S Kaushik,6
SB Bangar,6
KMDN Kulasekara,6
Jaskaran Singh,6
FH Edwards,6
S Tyagi,6
TS Mills,5
V Kohli,5
SB Wagh,5
TM Dilshan,5
Shoaib Ahmed,5
Avesh Khan,5
Shoaib Akhtar,5
AP Dole,5
S Ladda,5
LH Ferguson,5
J Behrendorff,5
A Choudhary,5
AF Milne,5
O Thomas,5
PD Collingwood,5
L Ablish,5
Gurkeerat Singh,5
J Yadav,5
DJ Muthuswami,4
L Plunkett,4
Y Nagar,4
WA Mota,4
D du Preez,4
Ankit Soni,4
M Santner,4
S Dhawan,4
Shivam Sharma,4
Parvez Rasool,4
DP Vijaykumar,4
JM Kemp,3
Sachin Baby,3
SM Harwood,3
SM Boland,3
R Ninan,3
P Sahu,3
RN ten Doeschate,3
RJ Peterson,3
Gagandeep Singh,3
KM Asif,3
MJ Clarke,3
JJ van der Wath,3
A Uniyal,3
DJ Thornely,3
DAJ Bracewell,3
K Santokie,3
JW Hastings,3
K Khejroliya,3
AL Menaria,3
TM Head,3
T Shamsi,3
Shoaib Malik,2
SD Chitnis,2
B Geeves,2
D Willey,2
S Warrier,2
T Natarajan,2
D Kalyankrishna,2
DNT Zoysa,2
S Kuggeleijn,2
C Nanda,2
L Ferguson,2
Mohammad Hafeez,2
J Searles,2
LJ Wright,2
MA Khote,2
KJ Abbott,2
A Flintoff,2
V Shankar,2
MJ Henry,2
P Suyal,2
ND Doshi,2
R Parag,2
LA Carseldine,1
A Nel,1
JDS Neesham,1
A Roy,1
Harmeet Singh (2),1
GS Sandhu,1
FY Fazal,1
DB Ravi Teja,1
Mashrafe Mortaza,1
MK Tiwary,1
LMP Simmons,1
GR Napier,1
GH Vihari,1
S Rutherford,1
BMAJ Mendis,1
NB Singh,1
CJ McKay,1
RG More,1
P Raj,1
D Salunkhe,1
D Short,1
CL White,1
PM Sarvesh Kumar,1
SS Sarkar,1
SS Mundhe,1
SS Agarwal,1
AM Rahane,1
SB Joshi,1
S Vidyut,1
Swapnil Singh,1
T Henderson,1
AC Voges,1
AC Gilchrist,1
AA Kazi,1
AA Noffke,1
AA Jhunjhunwala,1
AJ Finch,1
TP Sudhindra,1
V Chakravarthy,1
